Well Position,Sequence Name,Sequence
A1,FBCC1,GGTGCTGAAGAAAGTTGTCGGTGTCTTTGTGTTAACCTTTTCTGTTGGTGCTGATATTGC
A1,RBCR1,GGTGCTGACCCTCCAGGAAAGTACCTCTGATTTAACCTACTTGCCTGTCGCTCTATCTTC
A2,FBCC2,GGTGCTGCTACTTACGAAGCTGAGGGACTGCTTAACCTTTTCTGTTGGTGCTGATATTGC
A2,RBCR1,GGTGCTGACCCTCCAGGAAAGTACCTCTGATTTAACCTACTTGCCTGTCGCTCTATCTTC
A3,FBCC3,GGTGCTGCGACGGTTAGATTCACCTCTTACATTAACCTTTTCTGTTGGTGCTGATATTGC
A3,RBCR1,GGTGCTGACCCTCCAGGAAAGTACCTCTGATTTAACCTACTTGCCTGTCGCTCTATCTTC
A4,FBCC4,GGTGCTGGTTCCTCGTGCAGTGTCAAGAGATTTAACCTTTTCTGTTGGTGCTGATATTGC
A4,RBCR1,GGTGCTGACCCTCCAGGAAAGTACCTCTGATTTAACCTACTTGCCTGTCGCTCTATCTTC
A5,FBCC5,GGTGCTGTTCAGGGAACAAACCAAGTTACGTTTAACCTTTTCTGTTGGTGCTGATATTGC
A5,RBCR1,GGTGCTGACCCTCCAGGAAAGTACCTCTGATTTAACCTACTTGCCTGTCGCTCTATCTTC
A6,FBCC6,GGTGCTGTACATGCTCCTGTTGTTAGGGAGGTTAACCTTTTCTGTTGGTGCTGATATTGC
A6,RBCR1,GGTGCTGACCCTCCAGGAAAGTACCTCTGATTTAACCTACTTGCCTGTCGCTCTATCTTC
A7,FBCC7,GGTGCTGAGAACGACTTCCATACTCGTGTGATTAACCTTTTCTGTTGGTGCTGATATTGC
A7,RBCR1,GGTGCTGACCCTCCAGGAAAGTACCTCTGATTTAACCTACTTGCCTGTCGCTCTATCTTC
A8,FBCC8,GGTGCTGATGTCCCAGTTAGAGGAGGAAACATTAACCTTTTCTGTTGGTGCTGATATTGC
A8,RBCR1,GGTGCTGACCCTCCAGGAAAGTACCTCTGATTTAACCTACTTGCCTGTCGCTCTATCTTC
A9,FBCC9,GGTGCTGAGTAGAAAGGGTTCCTTCCCACTCTTAACCTTTTCTGTTGGTGCTGATATTGC
A9,RBCR1,GGTGCTGACCCTCCAGGAAAGTACCTCTGATTTAACCTACTTGCCTGTCGCTCTATCTTC
A10,FBCC10,GGTGCTGTAGCTGACTGTCTTCCATACCGACTTAACCTTTTCTGTTGGTGCTGATATTGC
A10,RBCR1,GGTGCTGACCCTCCAGGAAAGTACCTCTGATTTAACCTACTTGCCTGTCGCTCTATCTTC
A11,FBCC11,GGTGCTGTTCGGATTCTATCGTGTTTCCCTATTAACCTTTTCTGTTGGTGCTGATATTGC
A11,RBCR1,GGTGCTGACCCTCCAGGAAAGTACCTCTGATTTAACCTACTTGCCTGTCGCTCTATCTTC
A12,FBCC12,GGTGCTGGTGTTACCGTGGGAATGAATCCTTTTAACCTTTTCTGTTGGTGCTGATATTGC
A12,RBCR1,GGTGCTGACCCTCCAGGAAAGTACCTCTGATTTAACCTACTTGCCTGTCGCTCTATCTTC
B1,FBCC1,GGTGCTGAAGAAAGTTGTCGGTGTCTTTGTGTTAACCTTTTCTGTTGGTGCTGATATTGC
B1,RBCR2,GGTGCTGCATACAGCGACTACGCATTCTCATTTAACCTACTTGCCTGTCGCTCTATCTTC
B2,FBCC2,GGTGCTGCTACTTACGAAGCTGAGGGACTGCTTAACCTTTTCTGTTGGTGCTGATATTGC
B2,RBCR2,GGTGCTGCATACAGCGACTACGCATTCTCATTTAACCTACTTGCCTGTCGCTCTATCTTC
B3,FBCC3,GGTGCTGCGACGGTTAGATTCACCTCTTACATTAACCTTTTCTGTTGGTGCTGATATTGC
B3,RBCR2,GGTGCTGCATACAGCGACTACGCATTCTCATTTAACCTACTTGCCTGTCGCTCTATCTTC
B4,FBCC4,GGTGCTGGTTCCTCGTGCAGTGTCAAGAGATTTAACCTTTTCTGTTGGTGCTGATATTGC
B4,RBCR2,GGTGCTGCATACAGCGACTACGCATTCTCATTTAACCTACTTGCCTGTCGCTCTATCTTC
B5,FBCC5,GGTGCTGTTCAGGGAACAAACCAAGTTACGTTTAACCTTTTCTGTTGGTGCTGATATTGC
B5,RBCR2,GGTGCTGCATACAGCGACTACGCATTCTCATTTAACCTACTTGCCTGTCGCTCTATCTTC
B6,FBCC6,GGTGCTGTACATGCTCCTGTTGTTAGGGAGGTTAACCTTTTCTGTTGGTGCTGATATTGC
B6,RBCR2,GGTGCTGCATACAGCGACTACGCATTCTCATTTAACCTACTTGCCTGTCGCTCTATCTTC
B7,FBCC7,GGTGCTGAGAACGACTTCCATACTCGTGTGATTAACCTTTTCTGTTGGTGCTGATATTGC
B7,RBCR2,GGTGCTGCATACAGCGACTACGCATTCTCATTTAACCTACTTGCCTGTCGCTCTATCTTC
B8,FBCC8,GGTGCTGATGTCCCAGTTAGAGGAGGAAACATTAACCTTTTCTGTTGGTGCTGATATTGC
B8,RBCR2,GGTGCTGCATACAGCGACTACGCATTCTCATTTAACCTACTTGCCTGTCGCTCTATCTTC
B9,FBCC9,GGTGCTGAGTAGAAAGGGTTCCTTCCCACTCTTAACCTTTTCTGTTGGTGCTGATATTGC
B9,RBCR2,GGTGCTGCATACAGCGACTACGCATTCTCATTTAACCTACTTGCCTGTCGCTCTATCTTC
B10,FBCC10,GGTGCTGTAGCTGACTGTCTTCCATACCGACTTAACCTTTTCTGTTGGTGCTGATATTGC
B10,RBCR2,GGTGCTGCATACAGCGACTACGCATTCTCATTTAACCTACTTGCCTGTCGCTCTATCTTC
B11,FBCC11,GGTGCTGTTCGGATTCTATCGTGTTTCCCTATTAACCTTTTCTGTTGGTGCTGATATTGC
B11,RBCR2,GGTGCTGCATACAGCGACTACGCATTCTCATTTAACCTACTTGCCTGTCGCTCTATCTTC
B12,FBCC12,GGTGCTGGTGTTACCGTGGGAATGAATCCTTTTAACCTTTTCTGTTGGTGCTGATATTGC
B12,RBCR2,GGTGCTGCATACAGCGACTACGCATTCTCATTTAACCTACTTGCCTGTCGCTCTATCTTC
C1,FBCC1,GGTGCTGAAGAAAGTTGTCGGTGTCTTTGTGTTAACCTTTTCTGTTGGTGCTGATATTGC
C1,RBCR3,GGTGCTGTGAAACCTAAGAAGGCACCGTATCTTAACCTACTTGCCTGTCGCTCTATCTTC
C2,FBCC2,GGTGCTGCTACTTACGAAGCTGAGGGACTGCTTAACCTTTTCTGTTGGTGCTGATATTGC
C2,RBCR3,GGTGCTGTGAAACCTAAGAAGGCACCGTATCTTAACCTACTTGCCTGTCGCTCTATCTTC
C3,FBCC3,GGTGCTGCGACGGTTAGATTCACCTCTTACATTAACCTTTTCTGTTGGTGCTGATATTGC
C3,RBCR3,GGTGCTGTGAAACCTAAGAAGGCACCGTATCTTAACCTACTTGCCTGTCGCTCTATCTTC
C4,FBCC4,GGTGCTGGTTCCTCGTGCAGTGTCAAGAGATTTAACCTTTTCTGTTGGTGCTGATATTGC
C4,RBCR3,GGTGCTGTGAAACCTAAGAAGGCACCGTATCTTAACCTACTTGCCTGTCGCTCTATCTTC
C5,FBCC5,GGTGCTGTTCAGGGAACAAACCAAGTTACGTTTAACCTTTTCTGTTGGTGCTGATATTGC
C5,RBCR3,GGTGCTGTGAAACCTAAGAAGGCACCGTATCTTAACCTACTTGCCTGTCGCTCTATCTTC
C6,FBCC6,GGTGCTGTACATGCTCCTGTTGTTAGGGAGGTTAACCTTTTCTGTTGGTGCTGATATTGC
C6,RBCR3,GGTGCTGTGAAACCTAAGAAGGCACCGTATCTTAACCTACTTGCCTGTCGCTCTATCTTC
C7,FBCC7,GGTGCTGAGAACGACTTCCATACTCGTGTGATTAACCTTTTCTGTTGGTGCTGATATTGC
C7,RBCR3,GGTGCTGTGAAACCTAAGAAGGCACCGTATCTTAACCTACTTGCCTGTCGCTCTATCTTC
C8,FBCC8,GGTGCTGATGTCCCAGTTAGAGGAGGAAACATTAACCTTTTCTGTTGGTGCTGATATTGC
C8,RBCR3,GGTGCTGTGAAACCTAAGAAGGCACCGTATCTTAACCTACTTGCCTGTCGCTCTATCTTC
C9,FBCC9,GGTGCTGAGTAGAAAGGGTTCCTTCCCACTCTTAACCTTTTCTGTTGGTGCTGATATTGC
C9,RBCR3,GGTGCTGTGAAACCTAAGAAGGCACCGTATCTTAACCTACTTGCCTGTCGCTCTATCTTC
C10,FBCC10,GGTGCTGTAGCTGACTGTCTTCCATACCGACTTAACCTTTTCTGTTGGTGCTGATATTGC
C10,RBCR3,GGTGCTGTGAAACCTAAGAAGGCACCGTATCTTAACCTACTTGCCTGTCGCTCTATCTTC
C11,FBCC11,GGTGCTGTTCGGATTCTATCGTGTTTCCCTATTAACCTTTTCTGTTGGTGCTGATATTGC
C11,RBCR3,GGTGCTGTGAAACCTAAGAAGGCACCGTATCTTAACCTACTTGCCTGTCGCTCTATCTTC
C12,FBCC12,GGTGCTGGTGTTACCGTGGGAATGAATCCTTTTAACCTTTTCTGTTGGTGCTGATATTGC
C12,RBCR3,GGTGCTGTGAAACCTAAGAAGGCACCGTATCTTAACCTACTTGCCTGTCGCTCTATCTTC
D1,FBCC1,GGTGCTGAAGAAAGTTGTCGGTGTCTTTGTGTTAACCTTTTCTGTTGGTGCTGATATTGC
D1,RBCR4,GGTGCTGCTTTCGTTGTTGACTCGACGGTAGTTAACCTACTTGCCTGTCGCTCTATCTTC
D2,FBCC2,GGTGCTGCTACTTACGAAGCTGAGGGACTGCTTAACCTTTTCTGTTGGTGCTGATATTGC
D2,RBCR4,GGTGCTGCTTTCGTTGTTGACTCGACGGTAGTTAACCTACTTGCCTGTCGCTCTATCTTC
D3,FBCC3,GGTGCTGCGACGGTTAGATTCACCTCTTACATTAACCTTTTCTGTTGGTGCTGATATTGC
D3,RBCR4,GGTGCTGCTTTCGTTGTTGACTCGACGGTAGTTAACCTACTTGCCTGTCGCTCTATCTTC
D4,FBCC4,GGTGCTGGTTCCTCGTGCAGTGTCAAGAGATTTAACCTTTTCTGTTGGTGCTGATATTGC
D4,RBCR4,GGTGCTGCTTTCGTTGTTGACTCGACGGTAGTTAACCTACTTGCCTGTCGCTCTATCTTC
D5,FBCC5,GGTGCTGTTCAGGGAACAAACCAAGTTACGTTTAACCTTTTCTGTTGGTGCTGATATTGC
D5,RBCR4,GGTGCTGCTTTCGTTGTTGACTCGACGGTAGTTAACCTACTTGCCTGTCGCTCTATCTTC
D6,FBCC6,GGTGCTGTACATGCTCCTGTTGTTAGGGAGGTTAACCTTTTCTGTTGGTGCTGATATTGC
D6,RBCR4,GGTGCTGCTTTCGTTGTTGACTCGACGGTAGTTAACCTACTTGCCTGTCGCTCTATCTTC
D7,FBCC7,GGTGCTGAGAACGACTTCCATACTCGTGTGATTAACCTTTTCTGTTGGTGCTGATATTGC
D7,RBCR4,GGTGCTGCTTTCGTTGTTGACTCGACGGTAGTTAACCTACTTGCCTGTCGCTCTATCTTC
D8,FBCC8,GGTGCTGATGTCCCAGTTAGAGGAGGAAACATTAACCTTTTCTGTTGGTGCTGATATTGC
D8,RBCR4,GGTGCTGCTTTCGTTGTTGACTCGACGGTAGTTAACCTACTTGCCTGTCGCTCTATCTTC
D9,FBCC9,GGTGCTGAGTAGAAAGGGTTCCTTCCCACTCTTAACCTTTTCTGTTGGTGCTGATATTGC
D9,RBCR4,GGTGCTGCTTTCGTTGTTGACTCGACGGTAGTTAACCTACTTGCCTGTCGCTCTATCTTC
D10,FBCC10,GGTGCTGTAGCTGACTGTCTTCCATACCGACTTAACCTTTTCTGTTGGTGCTGATATTGC
D10,RBCR4,GGTGCTGCTTTCGTTGTTGACTCGACGGTAGTTAACCTACTTGCCTGTCGCTCTATCTTC
D11,FBCC11,GGTGCTGTTCGGATTCTATCGTGTTTCCCTATTAACCTTTTCTGTTGGTGCTGATATTGC
D11,RBCR4,GGTGCTGCTTTCGTTGTTGACTCGACGGTAGTTAACCTACTTGCCTGTCGCTCTATCTTC
D12,FBCC12,GGTGCTGGTGTTACCGTGGGAATGAATCCTTTTAACCTTTTCTGTTGGTGCTGATATTGC
D12,RBCR4,GGTGCTGCTTTCGTTGTTGACTCGACGGTAGTTAACCTACTTGCCTGTCGCTCTATCTTC
E1,FBCC1,GGTGCTGAAGAAAGTTGTCGGTGTCTTTGTGTTAACCTTTTCTGTTGGTGCTGATATTGC
E1,RBCR5,GGTGCTGACTGGTGCAGCTTTGAACATCTAGTTAACCTACTTGCCTGTCGCTCTATCTTC
E2,FBCC2,GGTGCTGCTACTTACGAAGCTGAGGGACTGCTTAACCTTTTCTGTTGGTGCTGATATTGC
E2,RBCR5,GGTGCTGACTGGTGCAGCTTTGAACATCTAGTTAACCTACTTGCCTGTCGCTCTATCTTC
E3,FBCC3,GGTGCTGCGACGGTTAGATTCACCTCTTACATTAACCTTTTCTGTTGGTGCTGATATTGC
E3,RBCR5,GGTGCTGACTGGTGCAGCTTTGAACATCTAGTTAACCTACTTGCCTGTCGCTCTATCTTC
E4,FBCC4,GGTGCTGGTTCCTCGTGCAGTGTCAAGAGATTTAACCTTTTCTGTTGGTGCTGATATTGC
E4,RBCR5,GGTGCTGACTGGTGCAGCTTTGAACATCTAGTTAACCTACTTGCCTGTCGCTCTATCTTC
E5,FBCC5,GGTGCTGTTCAGGGAACAAACCAAGTTACGTTTAACCTTTTCTGTTGGTGCTGATATTGC
E5,RBCR5,GGTGCTGACTGGTGCAGCTTTGAACATCTAGTTAACCTACTTGCCTGTCGCTCTATCTTC
E6,FBCC6,GGTGCTGTACATGCTCCTGTTGTTAGGGAGGTTAACCTTTTCTGTTGGTGCTGATATTGC
E6,RBCR5,GGTGCTGACTGGTGCAGCTTTGAACATCTAGTTAACCTACTTGCCTGTCGCTCTATCTTC
E7,FBCC7,GGTGCTGAGAACGACTTCCATACTCGTGTGATTAACCTTTTCTGTTGGTGCTGATATTGC
E7,RBCR5,GGTGCTGACTGGTGCAGCTTTGAACATCTAGTTAACCTACTTGCCTGTCGCTCTATCTTC
E8,FBCC8,GGTGCTGATGTCCCAGTTAGAGGAGGAAACATTAACCTTTTCTGTTGGTGCTGATATTGC
E8,RBCR5,GGTGCTGACTGGTGCAGCTTTGAACATCTAGTTAACCTACTTGCCTGTCGCTCTATCTTC
E9,FBCC9,GGTGCTGAGTAGAAAGGGTTCCTTCCCACTCTTAACCTTTTCTGTTGGTGCTGATATTGC
E9,RBCR5,GGTGCTGACTGGTGCAGCTTTGAACATCTAGTTAACCTACTTGCCTGTCGCTCTATCTTC
E10,FBCC10,GGTGCTGTAGCTGACTGTCTTCCATACCGACTTAACCTTTTCTGTTGGTGCTGATATTGC
E10,RBCR5,GGTGCTGACTGGTGCAGCTTTGAACATCTAGTTAACCTACTTGCCTGTCGCTCTATCTTC
E11,FBCC11,GGTGCTGTTCGGATTCTATCGTGTTTCCCTATTAACCTTTTCTGTTGGTGCTGATATTGC
E11,RBCR5,GGTGCTGACTGGTGCAGCTTTGAACATCTAGTTAACCTACTTGCCTGTCGCTCTATCTTC
E12,FBCC12,GGTGCTGGTGTTACCGTGGGAATGAATCCTTTTAACCTTTTCTGTTGGTGCTGATATTGC
E12,RBCR5,GGTGCTGACTGGTGCAGCTTTGAACATCTAGTTAACCTACTTGCCTGTCGCTCTATCTTC
F1,FBCC1,GGTGCTGAAGAAAGTTGTCGGTGTCTTTGTGTTAACCTTTTCTGTTGGTGCTGATATTGC
F1,RBCR6,GGTGCTGAGATTCAGACCGTCTCATGCAAAGTTAACCTACTTGCCTGTCGCTCTATCTTC
F2,FBCC2,GGTGCTGCTACTTACGAAGCTGAGGGACTGCTTAACCTTTTCTGTTGGTGCTGATATTGC
F2,RBCR6,GGTGCTGAGATTCAGACCGTCTCATGCAAAGTTAACCTACTTGCCTGTCGCTCTATCTTC
F3,FBCC3,GGTGCTGCGACGGTTAGATTCACCTCTTACATTAACCTTTTCTGTTGGTGCTGATATTGC
F3,RBCR6,GGTGCTGAGATTCAGACCGTCTCATGCAAAGTTAACCTACTTGCCTGTCGCTCTATCTTC
F4,FBCC4,GGTGCTGGTTCCTCGTGCAGTGTCAAGAGATTTAACCTTTTCTGTTGGTGCTGATATTGC
F4,RBCR6,GGTGCTGAGATTCAGACCGTCTCATGCAAAGTTAACCTACTTGCCTGTCGCTCTATCTTC
F5,FBCC5,GGTGCTGTTCAGGGAACAAACCAAGTTACGTTTAACCTTTTCTGTTGGTGCTGATATTGC
F5,RBCR6,GGTGCTGAGATTCAGACCGTCTCATGCAAAGTTAACCTACTTGCCTGTCGCTCTATCTTC
F6,FBCC6,GGTGCTGTACATGCTCCTGTTGTTAGGGAGGTTAACCTTTTCTGTTGGTGCTGATATTGC
F6,RBCR6,GGTGCTGAGATTCAGACCGTCTCATGCAAAGTTAACCTACTTGCCTGTCGCTCTATCTTC
F7,FBCC7,GGTGCTGAGAACGACTTCCATACTCGTGTGATTAACCTTTTCTGTTGGTGCTGATATTGC
F7,RBCR6,GGTGCTGAGATTCAGACCGTCTCATGCAAAGTTAACCTACTTGCCTGTCGCTCTATCTTC
F8,FBCC8,GGTGCTGATGTCCCAGTTAGAGGAGGAAACATTAACCTTTTCTGTTGGTGCTGATATTGC
F8,RBCR6,GGTGCTGAGATTCAGACCGTCTCATGCAAAGTTAACCTACTTGCCTGTCGCTCTATCTTC
F9,FBCC9,GGTGCTGAGTAGAAAGGGTTCCTTCCCACTCTTAACCTTTTCTGTTGGTGCTGATATTGC
F9,RBCR6,GGTGCTGAGATTCAGACCGTCTCATGCAAAGTTAACCTACTTGCCTGTCGCTCTATCTTC
F10,FBCC10,GGTGCTGTAGCTGACTGTCTTCCATACCGACTTAACCTTTTCTGTTGGTGCTGATATTGC
F10,RBCR6,GGTGCTGAGATTCAGACCGTCTCATGCAAAGTTAACCTACTTGCCTGTCGCTCTATCTTC
F11,FBCC11,GGTGCTGTTCGGATTCTATCGTGTTTCCCTATTAACCTTTTCTGTTGGTGCTGATATTGC
F11,RBCR6,GGTGCTGAGATTCAGACCGTCTCATGCAAAGTTAACCTACTTGCCTGTCGCTCTATCTTC
F12,FBCC12,GGTGCTGGTGTTACCGTGGGAATGAATCCTTTTAACCTTTTCTGTTGGTGCTGATATTGC
F12,RBCR6,GGTGCTGAGATTCAGACCGTCTCATGCAAAGTTAACCTACTTGCCTGTCGCTCTATCTTC
G1,FBCC1,GGTGCTGAAGAAAGTTGTCGGTGTCTTTGTGTTAACCTTTTCTGTTGGTGCTGATATTGC
G1,RBCR7,GGTGCTGAAGCGTTGAAACCTTTGTCCTCTCTTAACCTACTTGCCTGTCGCTCTATCTTC
G2,FBCC2,GGTGCTGCTACTTACGAAGCTGAGGGACTGCTTAACCTTTTCTGTTGGTGCTGATATTGC
G2,RBCR7,GGTGCTGAAGCGTTGAAACCTTTGTCCTCTCTTAACCTACTTGCCTGTCGCTCTATCTTC
G3,FBCC3,GGTGCTGCGACGGTTAGATTCACCTCTTACATTAACCTTTTCTGTTGGTGCTGATATTGC
G3,RBCR7,GGTGCTGAAGCGTTGAAACCTTTGTCCTCTCTTAACCTACTTGCCTGTCGCTCTATCTTC
G4,FBCC4,GGTGCTGGTTCCTCGTGCAGTGTCAAGAGATTTAACCTTTTCTGTTGGTGCTGATATTGC
G4,RBCR7,GGTGCTGAAGCGTTGAAACCTTTGTCCTCTCTTAACCTACTTGCCTGTCGCTCTATCTTC
G5,FBCC5,GGTGCTGTTCAGGGAACAAACCAAGTTACGTTTAACCTTTTCTGTTGGTGCTGATATTGC
G5,RBCR7,GGTGCTGAAGCGTTGAAACCTTTGTCCTCTCTTAACCTACTTGCCTGTCGCTCTATCTTC
G6,FBCC6,GGTGCTGTACATGCTCCTGTTGTTAGGGAGGTTAACCTTTTCTGTTGGTGCTGATATTGC
G6,RBCR7,GGTGCTGAAGCGTTGAAACCTTTGTCCTCTCTTAACCTACTTGCCTGTCGCTCTATCTTC
G7,FBCC7,GGTGCTGAGAACGACTTCCATACTCGTGTGATTAACCTTTTCTGTTGGTGCTGATATTGC
G7,RBCR7,GGTGCTGAAGCGTTGAAACCTTTGTCCTCTCTTAACCTACTTGCCTGTCGCTCTATCTTC
G8,FBCC8,GGTGCTGATGTCCCAGTTAGAGGAGGAAACATTAACCTTTTCTGTTGGTGCTGATATTGC
G8,RBCR7,GGTGCTGAAGCGTTGAAACCTTTGTCCTCTCTTAACCTACTTGCCTGTCGCTCTATCTTC
G9,FBCC9,GGTGCTGAGTAGAAAGGGTTCCTTCCCACTCTTAACCTTTTCTGTTGGTGCTGATATTGC
G9,RBCR7,GGTGCTGAAGCGTTGAAACCTTTGTCCTCTCTTAACCTACTTGCCTGTCGCTCTATCTTC
G10,FBCC10,GGTGCTGTAGCTGACTGTCTTCCATACCGACTTAACCTTTTCTGTTGGTGCTGATATTGC
G10,RBCR7,GGTGCTGAAGCGTTGAAACCTTTGTCCTCTCTTAACCTACTTGCCTGTCGCTCTATCTTC
G11,FBCC11,GGTGCTGTTCGGATTCTATCGTGTTTCCCTATTAACCTTTTCTGTTGGTGCTGATATTGC
G11,RBCR7,GGTGCTGAAGCGTTGAAACCTTTGTCCTCTCTTAACCTACTTGCCTGTCGCTCTATCTTC
G12,FBCC12,GGTGCTGGTGTTACCGTGGGAATGAATCCTTTTAACCTTTTCTGTTGGTGCTGATATTGC
G12,RBCR7,GGTGCTGAAGCGTTGAAACCTTTGTCCTCTCTTAACCTACTTGCCTGTCGCTCTATCTTC
H1,FBCC1,GGTGCTGAAGAAAGTTGTCGGTGTCTTTGTGTTAACCTTTTCTGTTGGTGCTGATATTGC
H1,RBCR8,GGTGCTGGTTTCATCTATCGGAGGGAATGGATTAACCTACTTGCCTGTCGCTCTATCTTC
H2,FBCC2,GGTGCTGCTACTTACGAAGCTGAGGGACTGCTTAACCTTTTCTGTTGGTGCTGATATTGC
H2,RBCR8,GGTGCTGGTTTCATCTATCGGAGGGAATGGATTAACCTACTTGCCTGTCGCTCTATCTTC
H3,FBCC3,GGTGCTGCGACGGTTAGATTCACCTCTTACATTAACCTTTTCTGTTGGTGCTGATATTGC
H3,RBCR8,GGTGCTGGTTTCATCTATCGGAGGGAATGGATTAACCTACTTGCCTGTCGCTCTATCTTC
H4,FBCC4,GGTGCTGGTTCCTCGTGCAGTGTCAAGAGATTTAACCTTTTCTGTTGGTGCTGATATTGC
H4,RBCR8,GGTGCTGGTTTCATCTATCGGAGGGAATGGATTAACCTACTTGCCTGTCGCTCTATCTTC
H5,FBCC5,GGTGCTGTTCAGGGAACAAACCAAGTTACGTTTAACCTTTTCTGTTGGTGCTGATATTGC
H5,RBCR8,GGTGCTGGTTTCATCTATCGGAGGGAATGGATTAACCTACTTGCCTGTCGCTCTATCTTC
H6,FBCC6,GGTGCTGTACATGCTCCTGTTGTTAGGGAGGTTAACCTTTTCTGTTGGTGCTGATATTGC
H6,RBCR8,GGTGCTGGTTTCATCTATCGGAGGGAATGGATTAACCTACTTGCCTGTCGCTCTATCTTC
H7,FBCC7,GGTGCTGAGAACGACTTCCATACTCGTGTGATTAACCTTTTCTGTTGGTGCTGATATTGC
H7,RBCR8,GGTGCTGGTTTCATCTATCGGAGGGAATGGATTAACCTACTTGCCTGTCGCTCTATCTTC
H8,FBCC8,GGTGCTGATGTCCCAGTTAGAGGAGGAAACATTAACCTTTTCTGTTGGTGCTGATATTGC
H8,RBCR8,GGTGCTGGTTTCATCTATCGGAGGGAATGGATTAACCTACTTGCCTGTCGCTCTATCTTC
H9,FBCC9,GGTGCTGAGTAGAAAGGGTTCCTTCCCACTCTTAACCTTTTCTGTTGGTGCTGATATTGC
H9,RBCR8,GGTGCTGGTTTCATCTATCGGAGGGAATGGATTAACCTACTTGCCTGTCGCTCTATCTTC
H10,FBCC10,GGTGCTGTAGCTGACTGTCTTCCATACCGACTTAACCTTTTCTGTTGGTGCTGATATTGC
H10,RBCR8,GGTGCTGGTTTCATCTATCGGAGGGAATGGATTAACCTACTTGCCTGTCGCTCTATCTTC
H11,FBCC11,GGTGCTGTTCGGATTCTATCGTGTTTCCCTATTAACCTTTTCTGTTGGTGCTGATATTGC
H11,RBCR8,GGTGCTGGTTTCATCTATCGGAGGGAATGGATTAACCTACTTGCCTGTCGCTCTATCTTC
H12,FBCC12,GGTGCTGGTGTTACCGTGGGAATGAATCCTTTTAACCTTTTCTGTTGGTGCTGATATTGC
H12,RBCR8,GGTGCTGGTTTCATCTATCGGAGGGAATGGATTAACCTACTTGCCTGTCGCTCTATCTTC
