Well Position,Sequence Name,Sequence
A1,R oDA373.D501,AATGATACGGCGACCACCGAGATCTACACTATAGCCTTCGTCGGCAGCGTC
A1,F oDA361.D701,CAAGCAGAAGACGGCATACGAGATATTACTCGGTCTCGTGGGCTCGG
A2,R oDA373.D501,AATGATACGGCGACCACCGAGATCTACACTATAGCCTTCGTCGGCAGCGTC
A2,F oDA362.D702,CAAGCAGAAGACGGCATACGAGATTCCGGAGAGTCTCGTGGGCTCGG
A3,R oDA373.D501,AATGATACGGCGACCACCGAGATCTACACTATAGCCTTCGTCGGCAGCGTC
A3,F oDA363.D703,CAAGCAGAAGACGGCATACGAGATCGCTCATTGTCTCGTGGGCTCGG
A4,R oDA373.D501,AATGATACGGCGACCACCGAGATCTACACTATAGCCTTCGTCGGCAGCGTC
A4,F oDA364.D704,CAAGCAGAAGACGGCATACGAGATGAGATTCCGTCTCGTGGGCTCGG
A5,R oDA373.D501,AATGATACGGCGACCACCGAGATCTACACTATAGCCTTCGTCGGCAGCGTC
A5,F oDA365.D705,CAAGCAGAAGACGGCATACGAGATATTCAGAAGTCTCGTGGGCTCGG
A6,R oDA373.D501,AATGATACGGCGACCACCGAGATCTACACTATAGCCTTCGTCGGCAGCGTC
A6,F oDA366.D706,CAAGCAGAAGACGGCATACGAGATGAATTCGTGTCTCGTGGGCTCGG
A7,R oDA373.D501,AATGATACGGCGACCACCGAGATCTACACTATAGCCTTCGTCGGCAGCGTC
A7,F oDA367.D707,CAAGCAGAAGACGGCATACGAGATCTGAAGCTGTCTCGTGGGCTCGG
A8,R oDA373.D501,AATGATACGGCGACCACCGAGATCTACACTATAGCCTTCGTCGGCAGCGTC
A8,F oDA368.D708,CAAGCAGAAGACGGCATACGAGATTAATGCGCGTCTCGTGGGCTCGG
A9,R oDA373.D501,AATGATACGGCGACCACCGAGATCTACACTATAGCCTTCGTCGGCAGCGTC
A9,F oDA369.D709,CAAGCAGAAGACGGCATACGAGATCGGCTATGGTCTCGTGGGCTCGG
A10,R oDA373.D501,AATGATACGGCGACCACCGAGATCTACACTATAGCCTTCGTCGGCAGCGTC
A10,F oDA370.D710,CAAGCAGAAGACGGCATACGAGATTCCGCGAAGTCTCGTGGGCTCGG
A11,R oDA373.D501,AATGATACGGCGACCACCGAGATCTACACTATAGCCTTCGTCGGCAGCGTC
A11,F oDA371.D711,CAAGCAGAAGACGGCATACGAGATTCTCGCGCGTCTCGTGGGCTCGG
A12,R oDA373.D501,AATGATACGGCGACCACCGAGATCTACACTATAGCCTTCGTCGGCAGCGTC
A12,F oDA372.D712,CAAGCAGAAGACGGCATACGAGATAGCGATAGGTCTCGTGGGCTCGG
B1,R oDA374.D502,AATGATACGGCGACCACCGAGATCTACACATAGAGGCTCGTCGGCAGCGTC
B1,F oDA361.D701,CAAGCAGAAGACGGCATACGAGATATTACTCGGTCTCGTGGGCTCGG
B2,R oDA374.D502,AATGATACGGCGACCACCGAGATCTACACATAGAGGCTCGTCGGCAGCGTC
B2,F oDA362.D702,CAAGCAGAAGACGGCATACGAGATTCCGGAGAGTCTCGTGGGCTCGG
B3,R oDA374.D502,AATGATACGGCGACCACCGAGATCTACACATAGAGGCTCGTCGGCAGCGTC
B3,F oDA363.D703,CAAGCAGAAGACGGCATACGAGATCGCTCATTGTCTCGTGGGCTCGG
B4,R oDA374.D502,AATGATACGGCGACCACCGAGATCTACACATAGAGGCTCGTCGGCAGCGTC
B4,F oDA364.D704,CAAGCAGAAGACGGCATACGAGATGAGATTCCGTCTCGTGGGCTCGG
B5,R oDA374.D502,AATGATACGGCGACCACCGAGATCTACACATAGAGGCTCGTCGGCAGCGTC
B5,F oDA365.D705,CAAGCAGAAGACGGCATACGAGATATTCAGAAGTCTCGTGGGCTCGG
B6,R oDA374.D502,AATGATACGGCGACCACCGAGATCTACACATAGAGGCTCGTCGGCAGCGTC
B6,F oDA366.D706,CAAGCAGAAGACGGCATACGAGATGAATTCGTGTCTCGTGGGCTCGG
B7,R oDA374.D502,AATGATACGGCGACCACCGAGATCTACACATAGAGGCTCGTCGGCAGCGTC
B7,F oDA367.D707,CAAGCAGAAGACGGCATACGAGATCTGAAGCTGTCTCGTGGGCTCGG
B8,R oDA374.D502,AATGATACGGCGACCACCGAGATCTACACATAGAGGCTCGTCGGCAGCGTC
B8,F oDA368.D708,CAAGCAGAAGACGGCATACGAGATTAATGCGCGTCTCGTGGGCTCGG
B9,R oDA374.D502,AATGATACGGCGACCACCGAGATCTACACATAGAGGCTCGTCGGCAGCGTC
B9,F oDA369.D709,CAAGCAGAAGACGGCATACGAGATCGGCTATGGTCTCGTGGGCTCGG
B10,R oDA374.D502,AATGATACGGCGACCACCGAGATCTACACATAGAGGCTCGTCGGCAGCGTC
B10,F oDA370.D710,CAAGCAGAAGACGGCATACGAGATTCCGCGAAGTCTCGTGGGCTCGG
B11,R oDA374.D502,AATGATACGGCGACCACCGAGATCTACACATAGAGGCTCGTCGGCAGCGTC
B11,F oDA371.D711,CAAGCAGAAGACGGCATACGAGATTCTCGCGCGTCTCGTGGGCTCGG
B12,R oDA374.D502,AATGATACGGCGACCACCGAGATCTACACATAGAGGCTCGTCGGCAGCGTC
B12,F oDA372.D712,CAAGCAGAAGACGGCATACGAGATAGCGATAGGTCTCGTGGGCTCGG
C1,R oDA375.D503,AATGATACGGCGACCACCGAGATCTACACCCTATCCTTCGTCGGCAGCGTC
C1,F oDA361.D701,CAAGCAGAAGACGGCATACGAGATATTACTCGGTCTCGTGGGCTCGG
C2,R oDA375.D503,AATGATACGGCGACCACCGAGATCTACACCCTATCCTTCGTCGGCAGCGTC
C2,F oDA362.D702,CAAGCAGAAGACGGCATACGAGATTCCGGAGAGTCTCGTGGGCTCGG
C3,R oDA375.D503,AATGATACGGCGACCACCGAGATCTACACCCTATCCTTCGTCGGCAGCGTC
C3,F oDA363.D703,CAAGCAGAAGACGGCATACGAGATCGCTCATTGTCTCGTGGGCTCGG
C4,R oDA375.D503,AATGATACGGCGACCACCGAGATCTACACCCTATCCTTCGTCGGCAGCGTC
C4,F oDA364.D704,CAAGCAGAAGACGGCATACGAGATGAGATTCCGTCTCGTGGGCTCGG
C5,R oDA375.D503,AATGATACGGCGACCACCGAGATCTACACCCTATCCTTCGTCGGCAGCGTC
C5,F oDA365.D705,CAAGCAGAAGACGGCATACGAGATATTCAGAAGTCTCGTGGGCTCGG
C6,R oDA375.D503,AATGATACGGCGACCACCGAGATCTACACCCTATCCTTCGTCGGCAGCGTC
C6,F oDA366.D706,CAAGCAGAAGACGGCATACGAGATGAATTCGTGTCTCGTGGGCTCGG
C7,R oDA375.D503,AATGATACGGCGACCACCGAGATCTACACCCTATCCTTCGTCGGCAGCGTC
C7,F oDA367.D707,CAAGCAGAAGACGGCATACGAGATCTGAAGCTGTCTCGTGGGCTCGG
C8,R oDA375.D503,AATGATACGGCGACCACCGAGATCTACACCCTATCCTTCGTCGGCAGCGTC
C8,F oDA368.D708,CAAGCAGAAGACGGCATACGAGATTAATGCGCGTCTCGTGGGCTCGG
C9,R oDA375.D503,AATGATACGGCGACCACCGAGATCTACACCCTATCCTTCGTCGGCAGCGTC
C9,F oDA369.D709,CAAGCAGAAGACGGCATACGAGATCGGCTATGGTCTCGTGGGCTCGG
C10,R oDA375.D503,AATGATACGGCGACCACCGAGATCTACACCCTATCCTTCGTCGGCAGCGTC
C10,F oDA370.D710,CAAGCAGAAGACGGCATACGAGATTCCGCGAAGTCTCGTGGGCTCGG
C11,R oDA375.D503,AATGATACGGCGACCACCGAGATCTACACCCTATCCTTCGTCGGCAGCGTC
C11,F oDA371.D711,CAAGCAGAAGACGGCATACGAGATTCTCGCGCGTCTCGTGGGCTCGG
C12,R oDA375.D503,AATGATACGGCGACCACCGAGATCTACACCCTATCCTTCGTCGGCAGCGTC
C12,F oDA372.D712,CAAGCAGAAGACGGCATACGAGATAGCGATAGGTCTCGTGGGCTCGG
D1,R oDA376.D504,AATGATACGGCGACCACCGAGATCTACACGGCTCTGATCGTCGGCAGCGTC
D1,F oDA361.D701,CAAGCAGAAGACGGCATACGAGATATTACTCGGTCTCGTGGGCTCGG
D2,R oDA376.D504,AATGATACGGCGACCACCGAGATCTACACGGCTCTGATCGTCGGCAGCGTC
D2,F oDA362.D702,CAAGCAGAAGACGGCATACGAGATTCCGGAGAGTCTCGTGGGCTCGG
D3,R oDA376.D504,AATGATACGGCGACCACCGAGATCTACACGGCTCTGATCGTCGGCAGCGTC
D3,F oDA363.D703,CAAGCAGAAGACGGCATACGAGATCGCTCATTGTCTCGTGGGCTCGG
D4,R oDA376.D504,AATGATACGGCGACCACCGAGATCTACACGGCTCTGATCGTCGGCAGCGTC
D4,F oDA364.D704,CAAGCAGAAGACGGCATACGAGATGAGATTCCGTCTCGTGGGCTCGG
D5,R oDA376.D504,AATGATACGGCGACCACCGAGATCTACACGGCTCTGATCGTCGGCAGCGTC
D5,F oDA365.D705,CAAGCAGAAGACGGCATACGAGATATTCAGAAGTCTCGTGGGCTCGG
D6,R oDA376.D504,AATGATACGGCGACCACCGAGATCTACACGGCTCTGATCGTCGGCAGCGTC
D6,F oDA366.D706,CAAGCAGAAGACGGCATACGAGATGAATTCGTGTCTCGTGGGCTCGG
D7,R oDA376.D504,AATGATACGGCGACCACCGAGATCTACACGGCTCTGATCGTCGGCAGCGTC
D7,F oDA367.D707,CAAGCAGAAGACGGCATACGAGATCTGAAGCTGTCTCGTGGGCTCGG
D8,R oDA376.D504,AATGATACGGCGACCACCGAGATCTACACGGCTCTGATCGTCGGCAGCGTC
D8,F oDA368.D708,CAAGCAGAAGACGGCATACGAGATTAATGCGCGTCTCGTGGGCTCGG
D9,R oDA376.D504,AATGATACGGCGACCACCGAGATCTACACGGCTCTGATCGTCGGCAGCGTC
D9,F oDA369.D709,CAAGCAGAAGACGGCATACGAGATCGGCTATGGTCTCGTGGGCTCGG
D10,R oDA376.D504,AATGATACGGCGACCACCGAGATCTACACGGCTCTGATCGTCGGCAGCGTC
D10,F oDA370.D710,CAAGCAGAAGACGGCATACGAGATTCCGCGAAGTCTCGTGGGCTCGG
D11,R oDA376.D504,AATGATACGGCGACCACCGAGATCTACACGGCTCTGATCGTCGGCAGCGTC
D11,F oDA371.D711,CAAGCAGAAGACGGCATACGAGATTCTCGCGCGTCTCGTGGGCTCGG
D12,R oDA376.D504,AATGATACGGCGACCACCGAGATCTACACGGCTCTGATCGTCGGCAGCGTC
D12,F oDA372.D712,CAAGCAGAAGACGGCATACGAGATAGCGATAGGTCTCGTGGGCTCGG
E1,R oDA377.D505,AATGATACGGCGACCACCGAGATCTACACAGGCGAAGTCGTCGGCAGCGTC
E1,F oDA361.D701,CAAGCAGAAGACGGCATACGAGATATTACTCGGTCTCGTGGGCTCGG
E2,R oDA377.D505,AATGATACGGCGACCACCGAGATCTACACAGGCGAAGTCGTCGGCAGCGTC
E2,F oDA362.D702,CAAGCAGAAGACGGCATACGAGATTCCGGAGAGTCTCGTGGGCTCGG
E3,R oDA377.D505,AATGATACGGCGACCACCGAGATCTACACAGGCGAAGTCGTCGGCAGCGTC
E3,F oDA363.D703,CAAGCAGAAGACGGCATACGAGATCGCTCATTGTCTCGTGGGCTCGG
E4,R oDA377.D505,AATGATACGGCGACCACCGAGATCTACACAGGCGAAGTCGTCGGCAGCGTC
E4,F oDA364.D704,CAAGCAGAAGACGGCATACGAGATGAGATTCCGTCTCGTGGGCTCGG
E5,R oDA377.D505,AATGATACGGCGACCACCGAGATCTACACAGGCGAAGTCGTCGGCAGCGTC
E5,F oDA365.D705,CAAGCAGAAGACGGCATACGAGATATTCAGAAGTCTCGTGGGCTCGG
E6,R oDA377.D505,AATGATACGGCGACCACCGAGATCTACACAGGCGAAGTCGTCGGCAGCGTC
E6,F oDA366.D706,CAAGCAGAAGACGGCATACGAGATGAATTCGTGTCTCGTGGGCTCGG
E7,R oDA377.D505,AATGATACGGCGACCACCGAGATCTACACAGGCGAAGTCGTCGGCAGCGTC
E7,F oDA367.D707,CAAGCAGAAGACGGCATACGAGATCTGAAGCTGTCTCGTGGGCTCGG
E8,R oDA377.D505,AATGATACGGCGACCACCGAGATCTACACAGGCGAAGTCGTCGGCAGCGTC
E8,F oDA368.D708,CAAGCAGAAGACGGCATACGAGATTAATGCGCGTCTCGTGGGCTCGG
E9,R oDA377.D505,AATGATACGGCGACCACCGAGATCTACACAGGCGAAGTCGTCGGCAGCGTC
E9,F oDA369.D709,CAAGCAGAAGACGGCATACGAGATCGGCTATGGTCTCGTGGGCTCGG
E10,R oDA377.D505,AATGATACGGCGACCACCGAGATCTACACAGGCGAAGTCGTCGGCAGCGTC
E10,F oDA370.D710,CAAGCAGAAGACGGCATACGAGATTCCGCGAAGTCTCGTGGGCTCGG
E11,R oDA377.D505,AATGATACGGCGACCACCGAGATCTACACAGGCGAAGTCGTCGGCAGCGTC
E11,F oDA371.D711,CAAGCAGAAGACGGCATACGAGATTCTCGCGCGTCTCGTGGGCTCGG
E12,R oDA377.D505,AATGATACGGCGACCACCGAGATCTACACAGGCGAAGTCGTCGGCAGCGTC
E12,F oDA372.D712,CAAGCAGAAGACGGCATACGAGATAGCGATAGGTCTCGTGGGCTCGG
F1,R oDA378.D506,AATGATACGGCGACCACCGAGATCTACACTAATCTTATCGTCGGCAGCGTC
F1,F oDA361.D701,CAAGCAGAAGACGGCATACGAGATATTACTCGGTCTCGTGGGCTCGG
F2,R oDA378.D506,AATGATACGGCGACCACCGAGATCTACACTAATCTTATCGTCGGCAGCGTC
F2,F oDA362.D702,CAAGCAGAAGACGGCATACGAGATTCCGGAGAGTCTCGTGGGCTCGG
F3,R oDA378.D506,AATGATACGGCGACCACCGAGATCTACACTAATCTTATCGTCGGCAGCGTC
F3,F oDA363.D703,CAAGCAGAAGACGGCATACGAGATCGCTCATTGTCTCGTGGGCTCGG
F4,R oDA378.D506,AATGATACGGCGACCACCGAGATCTACACTAATCTTATCGTCGGCAGCGTC
F4,F oDA364.D704,CAAGCAGAAGACGGCATACGAGATGAGATTCCGTCTCGTGGGCTCGG
F5,R oDA378.D506,AATGATACGGCGACCACCGAGATCTACACTAATCTTATCGTCGGCAGCGTC
F5,F oDA365.D705,CAAGCAGAAGACGGCATACGAGATATTCAGAAGTCTCGTGGGCTCGG
F6,R oDA378.D506,AATGATACGGCGACCACCGAGATCTACACTAATCTTATCGTCGGCAGCGTC
F6,F oDA366.D706,CAAGCAGAAGACGGCATACGAGATGAATTCGTGTCTCGTGGGCTCGG
F7,R oDA378.D506,AATGATACGGCGACCACCGAGATCTACACTAATCTTATCGTCGGCAGCGTC
F7,F oDA367.D707,CAAGCAGAAGACGGCATACGAGATCTGAAGCTGTCTCGTGGGCTCGG
F8,R oDA378.D506,AATGATACGGCGACCACCGAGATCTACACTAATCTTATCGTCGGCAGCGTC
F8,F oDA368.D708,CAAGCAGAAGACGGCATACGAGATTAATGCGCGTCTCGTGGGCTCGG
F9,R oDA378.D506,AATGATACGGCGACCACCGAGATCTACACTAATCTTATCGTCGGCAGCGTC
F9,F oDA369.D709,CAAGCAGAAGACGGCATACGAGATCGGCTATGGTCTCGTGGGCTCGG
F10,R oDA378.D506,AATGATACGGCGACCACCGAGATCTACACTAATCTTATCGTCGGCAGCGTC
F10,F oDA370.D710,CAAGCAGAAGACGGCATACGAGATTCCGCGAAGTCTCGTGGGCTCGG
F11,R oDA378.D506,AATGATACGGCGACCACCGAGATCTACACTAATCTTATCGTCGGCAGCGTC
F11,F oDA371.D711,CAAGCAGAAGACGGCATACGAGATTCTCGCGCGTCTCGTGGGCTCGG
F12,R oDA378.D506,AATGATACGGCGACCACCGAGATCTACACTAATCTTATCGTCGGCAGCGTC
F12,F oDA372.D712,CAAGCAGAAGACGGCATACGAGATAGCGATAGGTCTCGTGGGCTCGG
G1,R oDA379.D507,AATGATACGGCGACCACCGAGATCTACACCAGGACGTTCGTCGGCAGCGTC
G1,F oDA361.D701,CAAGCAGAAGACGGCATACGAGATATTACTCGGTCTCGTGGGCTCGG
G2,R oDA379.D507,AATGATACGGCGACCACCGAGATCTACACCAGGACGTTCGTCGGCAGCGTC
G2,F oDA362.D702,CAAGCAGAAGACGGCATACGAGATTCCGGAGAGTCTCGTGGGCTCGG
G3,R oDA379.D507,AATGATACGGCGACCACCGAGATCTACACCAGGACGTTCGTCGGCAGCGTC
G3,F oDA363.D703,CAAGCAGAAGACGGCATACGAGATCGCTCATTGTCTCGTGGGCTCGG
G4,R oDA379.D507,AATGATACGGCGACCACCGAGATCTACACCAGGACGTTCGTCGGCAGCGTC
G4,F oDA364.D704,CAAGCAGAAGACGGCATACGAGATGAGATTCCGTCTCGTGGGCTCGG
G5,R oDA379.D507,AATGATACGGCGACCACCGAGATCTACACCAGGACGTTCGTCGGCAGCGTC
G5,F oDA365.D705,CAAGCAGAAGACGGCATACGAGATATTCAGAAGTCTCGTGGGCTCGG
G6,R oDA379.D507,AATGATACGGCGACCACCGAGATCTACACCAGGACGTTCGTCGGCAGCGTC
G6,F oDA366.D706,CAAGCAGAAGACGGCATACGAGATGAATTCGTGTCTCGTGGGCTCGG
G7,R oDA379.D507,AATGATACGGCGACCACCGAGATCTACACCAGGACGTTCGTCGGCAGCGTC
G7,F oDA367.D707,CAAGCAGAAGACGGCATACGAGATCTGAAGCTGTCTCGTGGGCTCGG
G8,R oDA379.D507,AATGATACGGCGACCACCGAGATCTACACCAGGACGTTCGTCGGCAGCGTC
G8,F oDA368.D708,CAAGCAGAAGACGGCATACGAGATTAATGCGCGTCTCGTGGGCTCGG
G9,R oDA379.D507,AATGATACGGCGACCACCGAGATCTACACCAGGACGTTCGTCGGCAGCGTC
G9,F oDA369.D709,CAAGCAGAAGACGGCATACGAGATCGGCTATGGTCTCGTGGGCTCGG
G10,R oDA379.D507,AATGATACGGCGACCACCGAGATCTACACCAGGACGTTCGTCGGCAGCGTC
G10,F oDA370.D710,CAAGCAGAAGACGGCATACGAGATTCCGCGAAGTCTCGTGGGCTCGG
G11,R oDA379.D507,AATGATACGGCGACCACCGAGATCTACACCAGGACGTTCGTCGGCAGCGTC
G11,F oDA371.D711,CAAGCAGAAGACGGCATACGAGATTCTCGCGCGTCTCGTGGGCTCGG
G12,R oDA379.D507,AATGATACGGCGACCACCGAGATCTACACCAGGACGTTCGTCGGCAGCGTC
G12,F oDA372.D712,CAAGCAGAAGACGGCATACGAGATAGCGATAGGTCTCGTGGGCTCGG
H1,R oDA380.D508,AATGATACGGCGACCACCGAGATCTACACGTACTGACTCGTCGGCAGCGTC
H1,F oDA361.D701,CAAGCAGAAGACGGCATACGAGATATTACTCGGTCTCGTGGGCTCGG
H2,R oDA380.D508,AATGATACGGCGACCACCGAGATCTACACGTACTGACTCGTCGGCAGCGTC
H2,F oDA362.D702,CAAGCAGAAGACGGCATACGAGATTCCGGAGAGTCTCGTGGGCTCGG
H3,R oDA380.D508,AATGATACGGCGACCACCGAGATCTACACGTACTGACTCGTCGGCAGCGTC
H3,F oDA363.D703,CAAGCAGAAGACGGCATACGAGATCGCTCATTGTCTCGTGGGCTCGG
H4,R oDA380.D508,AATGATACGGCGACCACCGAGATCTACACGTACTGACTCGTCGGCAGCGTC
H4,F oDA364.D704,CAAGCAGAAGACGGCATACGAGATGAGATTCCGTCTCGTGGGCTCGG
H5,R oDA380.D508,AATGATACGGCGACCACCGAGATCTACACGTACTGACTCGTCGGCAGCGTC
H5,F oDA365.D705,CAAGCAGAAGACGGCATACGAGATATTCAGAAGTCTCGTGGGCTCGG
H6,R oDA380.D508,AATGATACGGCGACCACCGAGATCTACACGTACTGACTCGTCGGCAGCGTC
H6,F oDA366.D706,CAAGCAGAAGACGGCATACGAGATGAATTCGTGTCTCGTGGGCTCGG
H7,R oDA380.D508,AATGATACGGCGACCACCGAGATCTACACGTACTGACTCGTCGGCAGCGTC
H7,F oDA367.D707,CAAGCAGAAGACGGCATACGAGATCTGAAGCTGTCTCGTGGGCTCGG
H8,R oDA380.D508,AATGATACGGCGACCACCGAGATCTACACGTACTGACTCGTCGGCAGCGTC
H8,F oDA368.D708,CAAGCAGAAGACGGCATACGAGATTAATGCGCGTCTCGTGGGCTCGG
H9,R oDA380.D508,AATGATACGGCGACCACCGAGATCTACACGTACTGACTCGTCGGCAGCGTC
H9,F oDA369.D709,CAAGCAGAAGACGGCATACGAGATCGGCTATGGTCTCGTGGGCTCGG
H10,R oDA380.D508,AATGATACGGCGACCACCGAGATCTACACGTACTGACTCGTCGGCAGCGTC
H10,F oDA370.D710,CAAGCAGAAGACGGCATACGAGATTCCGCGAAGTCTCGTGGGCTCGG
H11,R oDA380.D508,AATGATACGGCGACCACCGAGATCTACACGTACTGACTCGTCGGCAGCGTC
H11,F oDA371.D711,CAAGCAGAAGACGGCATACGAGATTCTCGCGCGTCTCGTGGGCTCGG
H12,R oDA380.D508,AATGATACGGCGACCACCGAGATCTACACGTACTGACTCGTCGGCAGCGTC
H12,F oDA372.D712,CAAGCAGAAGACGGCATACGAGATAGCGATAGGTCTCGTGGGCTCGG
